team_id,solution_id,mean_performance,mean_job_satisfaction,cost,delta_performance_from_baseline,delta_job_satisfaction_from_baseline,policy__Prehire Tests,change__Prehire Tests,policy__Structured Interviews,change__Structured Interviews,policy__Employee Participation,change__Employee Participation,policy__Complaint Procedure,change__Complaint Procedure,policy__Group Bonuses,change__Group Bonuses,policy__Individual Bonuses,change__Individual Bonuses,policy__Performance Evaluation,change__Performance Evaluation,policy__Goals Communication,change__Goals Communication,policy__Suggestion Adoption,change__Suggestion Adoption,policy__Performance Pay,change__Performance Pay,policy__Internal Promotion,change__Internal Promotion,policy__Job Autonomy,change__Job Autonomy,policy__Selective Hiring,change__Selective Hiring,policy__Pay Competitiveness,change__Pay Competitiveness,policy__Job Training,change__Job Training,frontier_rank,setting,team_label,n_active_levers
7600,R7600_S1,5.860067364522162,4.693356329885249,0.0,0.0,0.0,5.0,0.0,3.0,0.0,3.0,0.0,4.0,0.0,3.0,0.0,7.0,0.0,7.0,0.0,5.0,0.0,1.0,0.0,6.0,0.0,6.0,0.0,4.0,0.0,2.0,0.0,3.0,0.0,7.0,0.0,1,redesign,7600,0
7600,R7600_S2,5.9725442470684875,4.699074430920813,1.0,0.11247688254632582,0.005718101035563805,5.0,0.0,3.0,0.0,3.0,0.0,5.0,1.0,3.0,0.0,7.0,0.0,7.0,0.0,5.0,0.0,1.0,0.0,6.0,0.0,6.0,0.0,4.0,0.0,2.0,0.0,3.0,0.0,7.0,0.0,2,redesign,7600,1
7600,R7600_S3,5.9618522135736685,4.751688603404449,1.0,0.10178484905150675,0.05833227351919934,4.0,-1.0,3.0,0.0,3.0,0.0,4.0,0.0,3.0,0.0,7.0,0.0,7.0,0.0,5.0,0.0,1.0,0.0,6.0,0.0,6.0,0.0,4.0,0.0,2.0,0.0,3.0,0.0,7.0,0.0,3,redesign,7600,1
7600,R7600_S4,5.9523630559311425,4.817387790113384,1.0,0.09229569140898075,0.12403146022813427,5.0,0.0,4.0,1.0,3.0,0.0,4.0,0.0,3.0,0.0,7.0,0.0,7.0,0.0,5.0,0.0,1.0,0.0,6.0,0.0,6.0,0.0,4.0,0.0,2.0,0.0,3.0,0.0,7.0,0.0,4,redesign,7600,1
7600,R7600_S5,6.085021129614813,4.704792531956377,2.0,0.22495376509265164,0.01143620207112761,5.0,0.0,3.0,0.0,3.0,0.0,6.0,2.0,3.0,0.0,7.0,0.0,7.0,0.0,5.0,0.0,1.0,0.0,6.0,0.0,6.0,0.0,4.0,0.0,2.0,0.0,3.0,0.0,7.0,0.0,5,redesign,7600,1
7600,R7600_S6,6.074329096119994,4.757406704440013,2.0,0.21426173159783257,0.06405037455476315,4.0,-1.0,3.0,0.0,3.0,0.0,5.0,1.0,3.0,0.0,7.0,0.0,7.0,0.0,5.0,0.0,1.0,0.0,6.0,0.0,6.0,0.0,4.0,0.0,2.0,0.0,3.0,0.0,7.0,0.0,6,redesign,7600,2
7600,R7600_S7,6.064839938477468,4.8231058911489475,2.0,0.20477257395530657,0.12974956126369808,5.0,0.0,4.0,1.0,3.0,0.0,5.0,1.0,3.0,0.0,7.0,0.0,7.0,0.0,5.0,0.0,1.0,0.0,6.0,0.0,6.0,0.0,4.0,0.0,2.0,0.0,3.0,0.0,7.0,0.0,7,redesign,7600,2
7600,R7600_S8,6.054147904982649,4.875720063632583,2.0,0.1940805404604875,0.1823637337473336,4.0,-1.0,4.0,1.0,3.0,0.0,4.0,0.0,3.0,0.0,7.0,0.0,7.0,0.0,5.0,0.0,1.0,0.0,6.0,0.0,6.0,0.0,4.0,0.0,2.0,0.0,3.0,0.0,7.0,0.0,8,redesign,7600,2
7600,R7600_S9,6.044658747340123,4.941419250341518,2.0,0.1845913828179615,0.24806292045626854,5.0,0.0,5.0,2.0,3.0,0.0,4.0,0.0,3.0,0.0,7.0,0.0,7.0,0.0,5.0,0.0,1.0,0.0,6.0,0.0,6.0,0.0,4.0,0.0,2.0,0.0,3.0,0.0,7.0,0.0,9,redesign,7600,1
7600,R7600_S10,6.197498012161139,4.710510632991942,3.0,0.33743064763897745,0.017154303106692304,5.0,0.0,3.0,0.0,3.0,0.0,7.0,3.0,3.0,0.0,7.0,0.0,7.0,0.0,5.0,0.0,1.0,0.0,6.0,0.0,6.0,0.0,4.0,0.0,2.0,0.0,3.0,0.0,7.0,0.0,10,redesign,7600,1
7600,R7600_S11,6.186805978666321,4.763124805475576,3.0,0.3267386141441593,0.06976847559032695,4.0,-1.0,3.0,0.0,3.0,0.0,6.0,2.0,3.0,0.0,7.0,0.0,7.0,0.0,5.0,0.0,1.0,0.0,6.0,0.0,6.0,0.0,4.0,0.0,2.0,0.0,3.0,0.0,7.0,0.0,11,redesign,7600,2
7600,R7600_S12,6.177316821023794,4.828823992184512,3.0,0.3172494565016324,0.13546766229926277,5.0,0.0,4.0,1.0,3.0,0.0,6.0,2.0,3.0,0.0,7.0,0.0,7.0,0.0,5.0,0.0,1.0,0.0,6.0,0.0,6.0,0.0,4.0,0.0,2.0,0.0,3.0,0.0,7.0,0.0,12,redesign,7600,2
7600,R7600_S13,6.166624787528976,4.881438164668147,3.0,0.3065574230068142,0.18808183478289742,4.0,-1.0,4.0,1.0,3.0,0.0,5.0,1.0,3.0,0.0,7.0,0.0,7.0,0.0,5.0,0.0,1.0,0.0,6.0,0.0,6.0,0.0,4.0,0.0,2.0,0.0,3.0,0.0,7.0,0.0,13,redesign,7600,3
7600,R7600_S14,6.157135629886449,4.947137351377082,3.0,0.2970682653642873,0.25378102149183235,5.0,0.0,5.0,2.0,3.0,0.0,5.0,1.0,3.0,0.0,7.0,0.0,7.0,0.0,5.0,0.0,1.0,0.0,6.0,0.0,6.0,0.0,4.0,0.0,2.0,0.0,3.0,0.0,7.0,0.0,14,redesign,7600,2
7600,R7600_S15,6.146443596391631,4.999751523860717,3.0,0.28637623186946914,0.3063951939754679,4.0,-1.0,5.0,2.0,3.0,0.0,4.0,0.0,3.0,0.0,7.0,0.0,7.0,0.0,5.0,0.0,1.0,0.0,6.0,0.0,6.0,0.0,4.0,0.0,2.0,0.0,3.0,0.0,7.0,0.0,15,redesign,7600,2
7600,R7600_S16,6.136954438749104,5.065450710569653,3.0,0.27688707422694225,0.3720943806844037,5.0,0.0,6.0,3.0,3.0,0.0,4.0,0.0,3.0,0.0,7.0,0.0,7.0,0.0,5.0,0.0,1.0,0.0,6.0,0.0,6.0,0.0,4.0,0.0,2.0,0.0,3.0,0.0,7.0,0.0,16,redesign,7600,1
7600,R7600_S17,6.299282861212647,4.768842906511141,4.0,0.4392154966904851,0.07548657662589164,4.0,-1.0,3.0,0.0,3.0,0.0,7.0,3.0,3.0,0.0,7.0,0.0,7.0,0.0,5.0,0.0,1.0,0.0,6.0,0.0,6.0,0.0,4.0,0.0,2.0,0.0,3.0,0.0,7.0,0.0,17,redesign,7600,2
7600,R7600_S18,6.289793703570121,4.834542093220076,4.0,0.4297263390479591,0.14118576333482658,5.0,0.0,4.0,1.0,3.0,0.0,7.0,3.0,3.0,0.0,7.0,0.0,7.0,0.0,5.0,0.0,1.0,0.0,6.0,0.0,6.0,0.0,4.0,0.0,2.0,0.0,3.0,0.0,7.0,0.0,18,redesign,7600,2
7600,R7600_S19,6.279101670075302,4.8871562657037115,4.0,0.41903430555314003,0.1937999358184621,4.0,-1.0,4.0,1.0,3.0,0.0,6.0,2.0,3.0,0.0,7.0,0.0,7.0,0.0,5.0,0.0,1.0,0.0,6.0,0.0,6.0,0.0,4.0,0.0,2.0,0.0,3.0,0.0,7.0,0.0,19,redesign,7600,3
7600,R7600_S20,6.269612512432776,4.9528554524126465,4.0,0.409545147910614,0.25949912252739704,5.0,0.0,5.0,2.0,3.0,0.0,6.0,2.0,3.0,0.0,7.0,0.0,7.0,0.0,5.0,0.0,1.0,0.0,6.0,0.0,6.0,0.0,4.0,0.0,2.0,0.0,3.0,0.0,7.0,0.0,20,redesign,7600,2
7600,R7600_S21,6.258920478937957,5.005469624896282,4.0,0.39885311441579496,0.3121132950110326,4.0,-1.0,5.0,2.0,3.0,0.0,5.0,1.0,3.0,0.0,7.0,0.0,7.0,0.0,5.0,0.0,1.0,0.0,6.0,0.0,6.0,0.0,4.0,0.0,2.0,0.0,3.0,0.0,7.0,0.0,21,redesign,7600,3
7600,R7600_S22,6.249431321295431,5.071168811605217,4.0,0.38936395677326896,0.3778124817199675,5.0,0.0,6.0,3.0,3.0,0.0,5.0,1.0,3.0,0.0,7.0,0.0,7.0,0.0,5.0,0.0,1.0,0.0,6.0,0.0,6.0,0.0,4.0,0.0,2.0,0.0,3.0,0.0,7.0,0.0,22,redesign,7600,2
7600,R7600_S23,6.238739287800612,5.1237829840888525,4.0,0.3786719232784499,0.43042665420360304,4.0,-1.0,6.0,3.0,3.0,0.0,4.0,0.0,3.0,0.0,7.0,0.0,7.0,0.0,5.0,0.0,1.0,0.0,6.0,0.0,6.0,0.0,4.0,0.0,2.0,0.0,3.0,0.0,7.0,0.0,23,redesign,7600,2
7600,R7600_S24,6.229250130158086,5.189482170797787,4.0,0.3691827656359239,0.496125840912538,5.0,0.0,7.0,4.0,3.0,0.0,4.0,0.0,3.0,0.0,7.0,0.0,7.0,0.0,5.0,0.0,1.0,0.0,6.0,0.0,6.0,0.0,4.0,0.0,2.0,0.0,3.0,0.0,7.0,0.0,24,redesign,7600,1
7600,R7600_S25,6.4010677102641536,4.82717518003034,5.0,0.5410003457419919,0.13381885014509098,3.0,-2.0,3.0,0.0,3.0,0.0,7.0,3.0,3.0,0.0,7.0,0.0,7.0,0.0,5.0,0.0,1.0,0.0,6.0,0.0,6.0,0.0,4.0,0.0,2.0,0.0,3.0,0.0,7.0,0.0,25,redesign,7600,2
7600,R7600_S26,6.3915785526216276,4.892874366739275,5.0,0.5315111880994658,0.19951803685402592,4.0,-1.0,4.0,1.0,3.0,0.0,7.0,3.0,3.0,0.0,7.0,0.0,7.0,0.0,5.0,0.0,1.0,0.0,6.0,0.0,6.0,0.0,4.0,0.0,2.0,0.0,3.0,0.0,7.0,0.0,26,redesign,7600,3
7600,R7600_S27,6.3820893949791015,4.95857355344821,5.0,0.5220220304569398,0.26521722356296085,5.0,0.0,5.0,2.0,3.0,0.0,7.0,3.0,3.0,0.0,7.0,0.0,7.0,0.0,5.0,0.0,1.0,0.0,6.0,0.0,6.0,0.0,4.0,0.0,2.0,0.0,3.0,0.0,7.0,0.0,27,redesign,7600,2
7600,R7600_S28,6.3713973614842825,5.011187725931846,5.0,0.5113299969621208,0.3178313960465964,4.0,-1.0,5.0,2.0,3.0,0.0,6.0,2.0,3.0,0.0,7.0,0.0,7.0,0.0,5.0,0.0,1.0,0.0,6.0,0.0,6.0,0.0,4.0,0.0,2.0,0.0,3.0,0.0,7.0,0.0,28,redesign,7600,3
7600,R7600_S29,6.3619082038417565,5.076886912640781,5.0,0.5018408393195948,0.3835305827555313,5.0,0.0,6.0,3.0,3.0,0.0,6.0,2.0,3.0,0.0,7.0,0.0,7.0,0.0,5.0,0.0,1.0,0.0,6.0,0.0,6.0,0.0,4.0,0.0,2.0,0.0,3.0,0.0,7.0,0.0,29,redesign,7600,2
7600,R7600_S30,6.351216170346937,5.129501085124416,5.0,0.4911488058247757,0.43614475523916685,4.0,-1.0,6.0,3.0,3.0,0.0,5.0,1.0,3.0,0.0,7.0,0.0,7.0,0.0,5.0,0.0,1.0,0.0,6.0,0.0,6.0,0.0,4.0,0.0,2.0,0.0,3.0,0.0,7.0,0.0,30,redesign,7600,3
7600,R7600_S31,6.341727012704411,5.195200271833351,5.0,0.4816596481822497,0.5018439419481018,5.0,0.0,7.0,4.0,3.0,0.0,5.0,1.0,3.0,0.0,7.0,0.0,7.0,0.0,5.0,0.0,1.0,0.0,6.0,0.0,6.0,0.0,4.0,0.0,2.0,0.0,3.0,0.0,7.0,0.0,31,redesign,7600,2
7600,R7600_S32,6.331034979209592,5.247814444316987,5.0,0.47096761468743065,0.5544581144317373,4.0,-1.0,7.0,4.0,3.0,0.0,4.0,0.0,3.0,0.0,7.0,0.0,7.0,0.0,5.0,0.0,1.0,0.0,6.0,0.0,6.0,0.0,4.0,0.0,2.0,0.0,3.0,0.0,7.0,0.0,32,redesign,7600,2
7600,R7600_S33,6.282848185483687,5.279669619520718,5.0,0.4227808209615249,0.5863132896354681,5.0,0.0,7.0,4.0,3.0,0.0,4.0,0.0,3.0,0.0,7.0,0.0,7.0,0.0,4.0,-1.0,1.0,0.0,6.0,0.0,6.0,0.0,4.0,0.0,2.0,0.0,3.0,0.0,7.0,0.0,33,redesign,7600,2
7600,R7600_S34,6.50285255931566,4.88550745354954,6.0,0.6427851947934986,0.19215112366429032,2.0,-3.0,3.0,0.0,3.0,0.0,7.0,3.0,3.0,0.0,7.0,0.0,7.0,0.0,5.0,0.0,1.0,0.0,6.0,0.0,6.0,0.0,4.0,0.0,2.0,0.0,3.0,0.0,7.0,0.0,34,redesign,7600,2
7600,R7600_S35,6.493363401673134,4.951206640258475,6.0,0.6332960371509726,0.25785031037322526,3.0,-2.0,4.0,1.0,3.0,0.0,7.0,3.0,3.0,0.0,7.0,0.0,7.0,0.0,5.0,0.0,1.0,0.0,6.0,0.0,6.0,0.0,4.0,0.0,2.0,0.0,3.0,0.0,7.0,0.0,35,redesign,7600,3
7600,R7600_S36,6.483874244030608,5.01690582696741,6.0,0.6238068795084466,0.3235494970821602,4.0,-1.0,5.0,2.0,3.0,0.0,7.0,3.0,3.0,0.0,7.0,0.0,7.0,0.0,5.0,0.0,1.0,0.0,6.0,0.0,6.0,0.0,4.0,0.0,2.0,0.0,3.0,0.0,7.0,0.0,36,redesign,7600,3
7600,R7600_S37,6.474385086388082,5.0826050136763445,6.0,0.6143177218659206,0.3892486837910951,5.0,0.0,6.0,3.0,3.0,0.0,7.0,3.0,3.0,0.0,7.0,0.0,7.0,0.0,5.0,0.0,1.0,0.0,6.0,0.0,6.0,0.0,4.0,0.0,2.0,0.0,3.0,0.0,7.0,0.0,37,redesign,7600,2
7600,R7600_S38,6.463693052893263,5.13521918615998,6.0,0.6036256883711015,0.44186285627473065,4.0,-1.0,6.0,3.0,3.0,0.0,6.0,2.0,3.0,0.0,7.0,0.0,7.0,0.0,5.0,0.0,1.0,0.0,6.0,0.0,6.0,0.0,4.0,0.0,2.0,0.0,3.0,0.0,7.0,0.0,38,redesign,7600,3
7600,R7600_S39,6.454203895250737,5.200918372868915,6.0,0.5941365307285755,0.5075620429836656,5.0,0.0,7.0,4.0,3.0,0.0,6.0,2.0,3.0,0.0,7.0,0.0,7.0,0.0,5.0,0.0,1.0,0.0,6.0,0.0,6.0,0.0,4.0,0.0,2.0,0.0,3.0,0.0,7.0,0.0,39,redesign,7600,2
7600,R7600_S40,6.443511861755918,5.2535325453525505,6.0,0.5834444972337565,0.5601762154673011,4.0,-1.0,7.0,4.0,3.0,0.0,5.0,1.0,3.0,0.0,7.0,0.0,7.0,0.0,5.0,0.0,1.0,0.0,6.0,0.0,6.0,0.0,4.0,0.0,2.0,0.0,3.0,0.0,7.0,0.0,40,redesign,7600,3
7600,R7600_S41,6.432819828261099,5.306146717836186,6.0,0.5727524637389374,0.6127903879509367,3.0,-2.0,7.0,4.0,3.0,0.0,4.0,0.0,3.0,0.0,7.0,0.0,7.0,0.0,5.0,0.0,1.0,0.0,6.0,0.0,6.0,0.0,4.0,0.0,2.0,0.0,3.0,0.0,7.0,0.0,41,redesign,7600,2
7600,R7600_S42,6.384633034535194,5.338001893039917,6.0,0.5245656700130326,0.6446455631546675,4.0,-1.0,7.0,4.0,3.0,0.0,4.0,0.0,3.0,0.0,7.0,0.0,7.0,0.0,4.0,-1.0,1.0,0.0,6.0,0.0,6.0,0.0,4.0,0.0,2.0,0.0,3.0,0.0,7.0,0.0,42,redesign,7600,3
7600,R7600_S43,6.3364462408092885,5.369857068243648,6.0,0.47637887628712683,0.6765007383583983,5.0,0.0,7.0,4.0,3.0,0.0,4.0,0.0,3.0,0.0,7.0,0.0,7.0,0.0,3.0,-2.0,1.0,0.0,6.0,0.0,6.0,0.0,4.0,0.0,2.0,0.0,3.0,0.0,7.0,0.0,43,redesign,7600,2
7600,R7600_S44,6.604637408367168,4.943839727068739,7.0,0.7445700438450062,0.25048339718348966,1.0,-4.0,3.0,0.0,3.0,0.0,7.0,3.0,3.0,0.0,7.0,0.0,7.0,0.0,5.0,0.0,1.0,0.0,6.0,0.0,6.0,0.0,4.0,0.0,2.0,0.0,3.0,0.0,7.0,0.0,44,redesign,7600,2
7600,R7600_S45,6.595148250724641,5.009538913777674,7.0,0.7350808862024794,0.3161825838924246,2.0,-3.0,4.0,1.0,3.0,0.0,7.0,3.0,3.0,0.0,7.0,0.0,7.0,0.0,5.0,0.0,1.0,0.0,6.0,0.0,6.0,0.0,4.0,0.0,2.0,0.0,3.0,0.0,7.0,0.0,45,redesign,7600,3
7600,R7600_S46,6.585659093082115,5.075238100486609,7.0,0.7255917285599534,0.3818817706013595,3.0,-2.0,5.0,2.0,3.0,0.0,7.0,3.0,3.0,0.0,7.0,0.0,7.0,0.0,5.0,0.0,1.0,0.0,6.0,0.0,6.0,0.0,4.0,0.0,2.0,0.0,3.0,0.0,7.0,0.0,46,redesign,7600,3
7600,R7600_S47,6.576169935439589,5.140937287195544,7.0,0.7161025709174274,0.44758095731029446,4.0,-1.0,6.0,3.0,3.0,0.0,7.0,3.0,3.0,0.0,7.0,0.0,7.0,0.0,5.0,0.0,1.0,0.0,6.0,0.0,6.0,0.0,4.0,0.0,2.0,0.0,3.0,0.0,7.0,0.0,47,redesign,7600,3
7600,R7600_S48,6.566680777797063,5.206636473904479,7.0,0.7066134132749013,0.5132801440192294,5.0,0.0,7.0,4.0,3.0,0.0,7.0,3.0,3.0,0.0,7.0,0.0,7.0,0.0,5.0,0.0,1.0,0.0,6.0,0.0,6.0,0.0,4.0,0.0,2.0,0.0,3.0,0.0,7.0,0.0,48,redesign,7600,2
7600,R7600_S49,6.555988744302244,5.259250646388114,7.0,0.6959213797800823,0.5658943165028649,4.0,-1.0,7.0,4.0,3.0,0.0,6.0,2.0,3.0,0.0,7.0,0.0,7.0,0.0,5.0,0.0,1.0,0.0,6.0,0.0,6.0,0.0,4.0,0.0,2.0,0.0,3.0,0.0,7.0,0.0,49,redesign,7600,3
7600,R7600_S50,6.545296710807425,5.31186481887175,7.0,0.6852293462852632,0.6185084889865005,3.0,-2.0,7.0,4.0,3.0,0.0,5.0,1.0,3.0,0.0,7.0,0.0,7.0,0.0,5.0,0.0,1.0,0.0,6.0,0.0,6.0,0.0,4.0,0.0,2.0,0.0,3.0,0.0,7.0,0.0,50,redesign,7600,3
7600,R7600_S51,6.534604677312606,5.364478991355385,7.0,0.6745373127904442,0.671122661470136,2.0,-3.0,7.0,4.0,3.0,0.0,4.0,0.0,3.0,0.0,7.0,0.0,7.0,0.0,5.0,0.0,1.0,0.0,6.0,0.0,6.0,0.0,4.0,0.0,2.0,0.0,3.0,0.0,7.0,0.0,51,redesign,7600,2
7600,R7600_S52,6.486417883586701,5.396334166559116,7.0,0.6263505190645393,0.7029778366738668,3.0,-2.0,7.0,4.0,3.0,0.0,4.0,0.0,3.0,0.0,7.0,0.0,7.0,0.0,4.0,-1.0,1.0,0.0,6.0,0.0,6.0,0.0,4.0,0.0,2.0,0.0,3.0,0.0,7.0,0.0,52,redesign,7600,3
7600,R7600_S53,6.438231089860795,5.428189341762847,7.0,0.5781637253386336,0.7348330118775976,4.0,-1.0,7.0,4.0,3.0,0.0,4.0,0.0,3.0,0.0,7.0,0.0,7.0,0.0,3.0,-2.0,1.0,0.0,6.0,0.0,6.0,0.0,4.0,0.0,2.0,0.0,3.0,0.0,7.0,0.0,53,redesign,7600,3
7600,R7600_S54,6.3900442961348904,5.460044516966578,7.0,0.5299769316127287,0.7666881870813285,5.0,0.0,7.0,4.0,3.0,0.0,4.0,0.0,3.0,0.0,7.0,0.0,7.0,0.0,2.0,-3.0,1.0,0.0,6.0,0.0,6.0,0.0,4.0,0.0,2.0,0.0,3.0,0.0,7.0,0.0,54,redesign,7600,2
7600,R7600_S55,6.696933099776149,5.067871187296873,8.0,0.836865735253987,0.37451485741162394,1.0,-4.0,4.0,1.0,3.0,0.0,7.0,3.0,3.0,0.0,7.0,0.0,7.0,0.0,5.0,0.0,1.0,0.0,6.0,0.0,6.0,0.0,4.0,0.0,2.0,0.0,3.0,0.0,7.0,0.0,55,redesign,7600,3
7600,R7600_S56,6.687443942133623,5.133570374005808,8.0,0.827376577611461,0.44021404412055887,2.0,-3.0,5.0,2.0,3.0,0.0,7.0,3.0,3.0,0.0,7.0,0.0,7.0,0.0,5.0,0.0,1.0,0.0,6.0,0.0,6.0,0.0,4.0,0.0,2.0,0.0,3.0,0.0,7.0,0.0,56,redesign,7600,3
7600,R7600_S57,6.677954784491096,5.199269560714743,8.0,0.8178874199689341,0.5059132308294938,3.0,-2.0,6.0,3.0,3.0,0.0,7.0,3.0,3.0,0.0,7.0,0.0,7.0,0.0,5.0,0.0,1.0,0.0,6.0,0.0,6.0,0.0,4.0,0.0,2.0,0.0,3.0,0.0,7.0,0.0,57,redesign,7600,3
7600,R7600_S58,6.66846562684857,5.264968747423678,8.0,0.8083982623264081,0.5716124175384287,4.0,-1.0,7.0,4.0,3.0,0.0,7.0,3.0,3.0,0.0,7.0,0.0,7.0,0.0,5.0,0.0,1.0,0.0,6.0,0.0,6.0,0.0,4.0,0.0,2.0,0.0,3.0,0.0,7.0,0.0,58,redesign,7600,3
7600,R7600_S59,6.657773593353752,5.317582919907314,8.0,0.7977062288315899,0.6242265900220643,3.0,-2.0,7.0,4.0,3.0,0.0,6.0,2.0,3.0,0.0,7.0,0.0,7.0,0.0,5.0,0.0,1.0,0.0,6.0,0.0,6.0,0.0,4.0,0.0,2.0,0.0,3.0,0.0,7.0,0.0,59,redesign,7600,3
7600,R7600_S60,6.647081559858933,5.370197092390949,8.0,0.7870141953367709,0.6768407625056998,2.0,-3.0,7.0,4.0,3.0,0.0,5.0,1.0,3.0,0.0,7.0,0.0,7.0,0.0,5.0,0.0,1.0,0.0,6.0,0.0,6.0,0.0,4.0,0.0,2.0,0.0,3.0,0.0,7.0,0.0,60,redesign,7600,3
7600,R7600_S61,6.6363895263641135,5.422811264874585,8.0,0.7763221618419518,0.7294549349893353,1.0,-4.0,7.0,4.0,3.0,0.0,4.0,0.0,3.0,0.0,7.0,0.0,7.0,0.0,5.0,0.0,1.0,0.0,6.0,0.0,6.0,0.0,4.0,0.0,2.0,0.0,3.0,0.0,7.0,0.0,61,redesign,7600,2
7600,R7600_S62,6.588202732638208,5.454666440078316,8.0,0.7281353681160461,0.7613101101930662,2.0,-3.0,7.0,4.0,3.0,0.0,4.0,0.0,3.0,0.0,7.0,0.0,7.0,0.0,4.0,-1.0,1.0,0.0,6.0,0.0,6.0,0.0,4.0,0.0,2.0,0.0,3.0,0.0,7.0,0.0,62,redesign,7600,3
7600,R7600_S63,6.540015938912303,5.486521615282046,8.0,0.6799485743901412,0.793165285396797,3.0,-2.0,7.0,4.0,3.0,0.0,4.0,0.0,3.0,0.0,7.0,0.0,7.0,0.0,3.0,-2.0,1.0,0.0,6.0,0.0,6.0,0.0,4.0,0.0,2.0,0.0,3.0,0.0,7.0,0.0,63,redesign,7600,3
7600,R7600_S64,6.491829145186397,5.518376790485777,8.0,0.6317617806642355,0.8250204606005278,4.0,-1.0,7.0,4.0,3.0,0.0,4.0,0.0,3.0,0.0,7.0,0.0,7.0,0.0,2.0,-3.0,1.0,0.0,6.0,0.0,6.0,0.0,4.0,0.0,2.0,0.0,3.0,0.0,7.0,0.0,64,redesign,7600,3
7600,R7600_S65,6.4436423514604915,5.550231965689508,8.0,0.5835749869383298,0.8568756358042586,5.0,0.0,7.0,4.0,3.0,0.0,4.0,0.0,3.0,0.0,7.0,0.0,7.0,0.0,1.0,-4.0,1.0,0.0,6.0,0.0,6.0,0.0,4.0,0.0,2.0,0.0,3.0,0.0,7.0,0.0,65,redesign,7600,2
7600,R7600_S66,6.7892287911851295,5.191902647525008,9.0,0.9291614266629677,0.4985463176397582,1.0,-4.0,5.0,2.0,3.0,0.0,7.0,3.0,3.0,0.0,7.0,0.0,7.0,0.0,5.0,0.0,1.0,0.0,6.0,0.0,6.0,0.0,4.0,0.0,2.0,0.0,3.0,0.0,7.0,0.0,66,redesign,7600,3
7600,R7600_S67,6.7797396335426034,5.257601834233943,9.0,0.9196722690204417,0.5642455043486931,2.0,-3.0,6.0,3.0,3.0,0.0,7.0,3.0,3.0,0.0,7.0,0.0,7.0,0.0,5.0,0.0,1.0,0.0,6.0,0.0,6.0,0.0,4.0,0.0,2.0,0.0,3.0,0.0,7.0,0.0,67,redesign,7600,3
7600,R7600_S68,6.7702504759000774,5.3233010209428775,9.0,0.9101831113779157,0.6299446910576281,3.0,-2.0,7.0,4.0,3.0,0.0,7.0,3.0,3.0,0.0,7.0,0.0,7.0,0.0,5.0,0.0,1.0,0.0,6.0,0.0,6.0,0.0,4.0,0.0,2.0,0.0,3.0,0.0,7.0,0.0,68,redesign,7600,3
7600,R7600_S69,6.759558442405258,5.375915193426513,9.0,0.8994910778830967,0.6825588635412636,2.0,-3.0,7.0,4.0,3.0,0.0,6.0,2.0,3.0,0.0,7.0,0.0,7.0,0.0,5.0,0.0,1.0,0.0,6.0,0.0,6.0,0.0,4.0,0.0,2.0,0.0,3.0,0.0,7.0,0.0,69,redesign,7600,3
7600,R7600_S70,6.748866408910439,5.428529365910149,9.0,0.8887990443882776,0.7351730360248991,1.0,-4.0,7.0,4.0,3.0,0.0,5.0,1.0,3.0,0.0,7.0,0.0,7.0,0.0,5.0,0.0,1.0,0.0,6.0,0.0,6.0,0.0,4.0,0.0,2.0,0.0,3.0,0.0,7.0,0.0,70,redesign,7600,3
7600,R7600_S71,6.700679615184534,5.460384541113879,9.0,0.8406122506623719,0.76702821122863,2.0,-3.0,7.0,4.0,3.0,0.0,5.0,1.0,3.0,0.0,7.0,0.0,7.0,0.0,4.0,-1.0,1.0,0.0,6.0,0.0,6.0,0.0,4.0,0.0,2.0,0.0,3.0,0.0,7.0,0.0,71,redesign,7600,4
7600,R7600_S72,6.689987581689715,5.512998713597515,9.0,0.8299202171675537,0.8196423837122655,1.0,-4.0,7.0,4.0,3.0,0.0,4.0,0.0,3.0,0.0,7.0,0.0,7.0,0.0,4.0,-1.0,1.0,0.0,6.0,0.0,6.0,0.0,4.0,0.0,2.0,0.0,3.0,0.0,7.0,0.0,72,redesign,7600,3
7600,R7600_S73,6.64180078796381,5.544853888801246,9.0,0.781733423441648,0.8514975589159963,2.0,-3.0,7.0,4.0,3.0,0.0,4.0,0.0,3.0,0.0,7.0,0.0,7.0,0.0,3.0,-2.0,1.0,0.0,6.0,0.0,6.0,0.0,4.0,0.0,2.0,0.0,3.0,0.0,7.0,0.0,73,redesign,7600,3
7600,R7600_S74,6.593613994237904,5.576709064004977,9.0,0.7335466297157422,0.8833527341197271,3.0,-2.0,7.0,4.0,3.0,0.0,4.0,0.0,3.0,0.0,7.0,0.0,7.0,0.0,2.0,-3.0,1.0,0.0,6.0,0.0,6.0,0.0,4.0,0.0,2.0,0.0,3.0,0.0,7.0,0.0,74,redesign,7600,3
7600,R7600_S75,6.545427200511999,5.608564239208707,9.0,0.6853598359898374,0.915207909323458,4.0,-1.0,7.0,4.0,3.0,0.0,4.0,0.0,3.0,0.0,7.0,0.0,7.0,0.0,1.0,-4.0,1.0,0.0,6.0,0.0,6.0,0.0,4.0,0.0,2.0,0.0,3.0,0.0,7.0,0.0,75,redesign,7600,3
7600,R7600_S76,6.88152448259411,5.315934107753142,10.0,1.0214571180719485,0.6225777778678925,1.0,-4.0,6.0,3.0,3.0,0.0,7.0,3.0,3.0,0.0,7.0,0.0,7.0,0.0,5.0,0.0,1.0,0.0,6.0,0.0,6.0,0.0,4.0,0.0,2.0,0.0,3.0,0.0,7.0,0.0,76,redesign,7600,3
7600,R7600_S77,6.872035324951584,5.381633294462077,10.0,1.0119679604294225,0.6882769645768274,2.0,-3.0,7.0,4.0,3.0,0.0,7.0,3.0,3.0,0.0,7.0,0.0,7.0,0.0,5.0,0.0,1.0,0.0,6.0,0.0,6.0,0.0,4.0,0.0,2.0,0.0,3.0,0.0,7.0,0.0,77,redesign,7600,3
7600,R7600_S78,6.861343291456765,5.434247466945712,10.0,1.0012759269346034,0.740891137060463,1.0,-4.0,7.0,4.0,3.0,0.0,6.0,2.0,3.0,0.0,7.0,0.0,7.0,0.0,5.0,0.0,1.0,0.0,6.0,0.0,6.0,0.0,4.0,0.0,2.0,0.0,3.0,0.0,7.0,0.0,78,redesign,7600,3
7600,R7600_S79,6.81315649773086,5.466102642149443,10.0,0.9530891332086986,0.7727463122641938,2.0,-3.0,7.0,4.0,3.0,0.0,6.0,2.0,3.0,0.0,7.0,0.0,7.0,0.0,4.0,-1.0,1.0,0.0,6.0,0.0,6.0,0.0,4.0,0.0,2.0,0.0,3.0,0.0,7.0,0.0,79,redesign,7600,4
7600,R7600_S80,6.802464464236041,5.518716814633079,10.0,0.9423970997138795,0.8253604847478293,1.0,-4.0,7.0,4.0,3.0,0.0,5.0,1.0,3.0,0.0,7.0,0.0,7.0,0.0,4.0,-1.0,1.0,0.0,6.0,0.0,6.0,0.0,4.0,0.0,2.0,0.0,3.0,0.0,7.0,0.0,80,redesign,7600,4
7600,R7600_S81,6.7542776705101355,5.5505719898368095,10.0,0.8942103059879738,0.8572156599515601,2.0,-3.0,7.0,4.0,3.0,0.0,5.0,1.0,3.0,0.0,7.0,0.0,7.0,0.0,3.0,-2.0,1.0,0.0,6.0,0.0,6.0,0.0,4.0,0.0,2.0,0.0,3.0,0.0,7.0,0.0,81,redesign,7600,4
7600,R7600_S82,6.743585637015316,5.603186162320445,10.0,0.8835182724931547,0.9098298324351957,1.0,-4.0,7.0,4.0,3.0,0.0,4.0,0.0,3.0,0.0,7.0,0.0,7.0,0.0,3.0,-2.0,1.0,0.0,6.0,0.0,6.0,0.0,4.0,0.0,2.0,0.0,3.0,0.0,7.0,0.0,82,redesign,7600,3
7600,R7600_S83,6.695398843289412,5.635041337524176,10.0,0.8353314787672499,0.9416850076389265,2.0,-3.0,7.0,4.0,3.0,0.0,4.0,0.0,3.0,0.0,7.0,0.0,7.0,0.0,2.0,-3.0,1.0,0.0,6.0,0.0,6.0,0.0,4.0,0.0,2.0,0.0,3.0,0.0,7.0,0.0,83,redesign,7600,3
7600,R7600_S84,6.647212049563506,5.666896512727907,10.0,0.7871446850413442,0.9735401828426573,3.0,-2.0,7.0,4.0,3.0,0.0,4.0,0.0,3.0,0.0,7.0,0.0,7.0,0.0,1.0,-4.0,1.0,0.0,6.0,0.0,6.0,0.0,4.0,0.0,2.0,0.0,3.0,0.0,7.0,0.0,84,redesign,7600,3
7600,R7600_S85,6.973820174003091,5.439965567981277,11.0,1.1137528094809293,0.7466092380960276,1.0,-4.0,7.0,4.0,3.0,0.0,7.0,3.0,3.0,0.0,7.0,0.0,7.0,0.0,5.0,0.0,1.0,0.0,6.0,0.0,6.0,0.0,4.0,0.0,2.0,0.0,3.0,0.0,7.0,0.0,85,redesign,7600,3
7600,R7600_S86,6.925633380277186,5.471820743185008,11.0,1.0655660157550244,0.7784644132997585,2.0,-3.0,7.0,4.0,3.0,0.0,7.0,3.0,3.0,0.0,7.0,0.0,7.0,0.0,4.0,-1.0,1.0,0.0,6.0,0.0,6.0,0.0,4.0,0.0,2.0,0.0,3.0,0.0,7.0,0.0,86,redesign,7600,4
7600,R7600_S87,6.914941346782367,5.5244349156686425,11.0,1.0548739822602053,0.8310785857833931,1.0,-4.0,7.0,4.0,3.0,0.0,6.0,2.0,3.0,0.0,7.0,0.0,7.0,0.0,4.0,-1.0,1.0,0.0,6.0,0.0,6.0,0.0,4.0,0.0,2.0,0.0,3.0,0.0,7.0,0.0,87,redesign,7600,4
7600,R7600_S88,6.866754553056461,5.556290090872373,11.0,1.0066871885342996,0.8629337609871239,2.0,-3.0,7.0,4.0,3.0,0.0,6.0,2.0,3.0,0.0,7.0,0.0,7.0,0.0,3.0,-2.0,1.0,0.0,6.0,0.0,6.0,0.0,4.0,0.0,2.0,0.0,3.0,0.0,7.0,0.0,88,redesign,7600,4
7600,R7600_S89,6.856062519561642,5.608904263356009,11.0,0.9959951550394806,0.9155479334707595,1.0,-4.0,7.0,4.0,3.0,0.0,5.0,1.0,3.0,0.0,7.0,0.0,7.0,0.0,3.0,-2.0,1.0,0.0,6.0,0.0,6.0,0.0,4.0,0.0,2.0,0.0,3.0,0.0,7.0,0.0,89,redesign,7600,4
7600,R7600_S90,6.807875725835737,5.64075943855974,11.0,0.9478083613135757,0.9474031086744903,2.0,-3.0,7.0,4.0,3.0,0.0,5.0,1.0,3.0,0.0,7.0,0.0,7.0,0.0,2.0,-3.0,1.0,0.0,6.0,0.0,6.0,0.0,4.0,0.0,2.0,0.0,3.0,0.0,7.0,0.0,90,redesign,7600,4
7600,R7600_S91,6.797183692340918,5.693373611043375,11.0,0.9371163278187566,1.0000172811581258,1.0,-4.0,7.0,4.0,3.0,0.0,4.0,0.0,3.0,0.0,7.0,0.0,7.0,0.0,2.0,-3.0,1.0,0.0,6.0,0.0,6.0,0.0,4.0,0.0,2.0,0.0,3.0,0.0,7.0,0.0,91,redesign,7600,3
7600,R7600_S92,6.748996898615013,5.725228786247106,11.0,0.8889295340928509,1.0318724563618566,2.0,-3.0,7.0,4.0,3.0,0.0,4.0,0.0,3.0,0.0,7.0,0.0,7.0,0.0,1.0,-4.0,1.0,0.0,6.0,0.0,6.0,0.0,4.0,0.0,2.0,0.0,3.0,0.0,7.0,0.0,92,redesign,7600,3
7600,R7600_S93,7.0,5.530153016704207,12.0,1.1399326354778383,0.8367966868189578,1.0,-4.0,7.0,4.0,3.0,0.0,7.0,3.0,3.0,0.0,7.0,0.0,7.0,0.0,4.0,-1.0,1.0,0.0,6.0,0.0,6.0,0.0,4.0,0.0,2.0,0.0,3.0,0.0,7.0,0.0,93,redesign,7600,4
7600,R7600_S94,6.979231435602788,5.562008191907938,12.0,1.1191640710806263,0.8686518620226886,2.0,-3.0,7.0,4.0,3.0,0.0,7.0,3.0,3.0,0.0,7.0,0.0,7.0,0.0,3.0,-2.0,1.0,0.0,6.0,0.0,6.0,0.0,4.0,0.0,2.0,0.0,3.0,0.0,7.0,0.0,94,redesign,7600,4
7600,R7600_S95,6.968539402107968,5.614622364391574,12.0,1.1084720375858064,0.9212660345063242,1.0,-4.0,7.0,4.0,3.0,0.0,6.0,2.0,3.0,0.0,7.0,0.0,7.0,0.0,3.0,-2.0,1.0,0.0,6.0,0.0,6.0,0.0,4.0,0.0,2.0,0.0,3.0,0.0,7.0,0.0,95,redesign,7600,4
7600,R7600_S96,6.920352608382063,5.6464775395953035,12.0,1.0602852438599015,0.9531212097100541,2.0,-3.0,7.0,4.0,3.0,0.0,6.0,2.0,3.0,0.0,7.0,0.0,7.0,0.0,2.0,-3.0,1.0,0.0,6.0,0.0,6.0,0.0,4.0,0.0,2.0,0.0,3.0,0.0,7.0,0.0,96,redesign,7600,4
7600,R7600_S97,6.909660574887244,5.699091712078939,12.0,1.0495932103650825,1.0057353821936896,1.0,-4.0,7.0,4.0,3.0,0.0,5.0,1.0,3.0,0.0,7.0,0.0,7.0,0.0,2.0,-3.0,1.0,0.0,6.0,0.0,6.0,0.0,4.0,0.0,2.0,0.0,3.0,0.0,7.0,0.0,97,redesign,7600,4
7600,R7600_S98,6.861473781161338,5.73094688728267,12.0,1.0014064166391767,1.0375905573974205,2.0,-3.0,7.0,4.0,3.0,0.0,5.0,1.0,3.0,0.0,7.0,0.0,7.0,0.0,1.0,-4.0,1.0,0.0,6.0,0.0,6.0,0.0,4.0,0.0,2.0,0.0,3.0,0.0,7.0,0.0,98,redesign,7600,4
7600,R7600_S99,6.85078174766652,5.783561059766305,12.0,0.9907143831443586,1.090204729881056,1.0,-4.0,7.0,4.0,3.0,0.0,4.0,0.0,3.0,0.0,7.0,0.0,7.0,0.0,1.0,-4.0,1.0,0.0,6.0,0.0,6.0,0.0,4.0,0.0,2.0,0.0,3.0,0.0,7.0,0.0,99,redesign,7600,3
7600,R7600_S102,7.0,5.704809813114504,13.0,1.1399326354778383,1.0114534832292543,1.0,-4.0,7.0,4.0,3.0,0.0,6.0,2.0,3.0,0.0,7.0,0.0,7.0,0.0,2.0,-3.0,1.0,0.0,6.0,0.0,6.0,0.0,4.0,0.0,2.0,0.0,3.0,0.0,7.0,0.0,100,redesign,7600,4
7600,R7600_S103,6.973950663707665,5.736664988318234,13.0,1.1138832991855034,1.0433086584329843,2.0,-3.0,7.0,4.0,3.0,0.0,6.0,2.0,3.0,0.0,7.0,0.0,7.0,0.0,1.0,-4.0,1.0,0.0,6.0,0.0,6.0,0.0,4.0,0.0,2.0,0.0,3.0,0.0,7.0,0.0,101,redesign,7600,4
7600,R7600_S104,6.963258630212846,5.78927916080187,13.0,1.1031912656906844,1.0959228309166207,1.0,-4.0,7.0,4.0,3.0,0.0,5.0,1.0,3.0,0.0,7.0,0.0,7.0,0.0,1.0,-4.0,1.0,0.0,6.0,0.0,6.0,0.0,4.0,0.0,2.0,0.0,3.0,0.0,7.0,0.0,102,redesign,7600,4
7600,R7600_S105,6.738799923907738,5.80684124540916,13.0,0.8787325593855764,1.1134849155239106,2.0,-3.0,7.0,4.0,3.0,0.0,4.0,0.0,3.0,0.0,7.0,0.0,7.0,0.0,1.0,-4.0,1.0,0.0,6.0,0.0,7.0,1.0,4.0,0.0,2.0,0.0,3.0,0.0,7.0,0.0,103,redesign,7600,4
7600,R7600_S108,7.0,5.794997261837434,14.0,1.1399326354778383,1.1016409319521845,1.0,-4.0,7.0,4.0,3.0,0.0,6.0,2.0,3.0,0.0,7.0,0.0,7.0,0.0,1.0,-4.0,1.0,0.0,6.0,0.0,6.0,0.0,4.0,0.0,2.0,0.0,3.0,0.0,7.0,0.0,104,redesign,7600,4
7600,R7600_S109,6.90820118281494,5.79677824370156,14.0,1.0481338182927784,1.1034219138163106,1.0,-4.0,7.0,4.0,3.0,0.0,4.0,0.0,3.0,0.0,7.0,0.0,6.0,-1.0,1.0,-4.0,1.0,0.0,6.0,0.0,6.0,0.0,4.0,0.0,2.0,0.0,3.0,0.0,7.0,0.0,105,redesign,7600,4
7600,R7600_S110,6.874418802366243,5.823131837229217,14.0,1.0143514378440814,1.1297755073439673,1.0,-4.0,7.0,4.0,3.0,0.0,4.0,0.0,3.0,0.0,7.0,0.0,7.0,0.0,1.0,-4.0,2.0,1.0,6.0,0.0,6.0,0.0,4.0,0.0,2.0,0.0,3.0,0.0,7.0,0.0,106,redesign,7600,4
7600,R7600_S111,6.866522615324814,5.8372170624901365,14.0,1.0064552508026523,1.143860732604887,1.0,-4.0,7.0,4.0,4.0,1.0,4.0,0.0,3.0,0.0,7.0,0.0,7.0,0.0,1.0,-4.0,1.0,0.0,6.0,0.0,6.0,0.0,4.0,0.0,2.0,0.0,3.0,0.0,7.0,0.0,107,redesign,7600,4
7600,R7600_S112,6.840584772959245,5.86517351892836,14.0,0.9805174084370831,1.1718171890431108,1.0,-4.0,7.0,4.0,3.0,0.0,4.0,0.0,3.0,0.0,7.0,0.0,7.0,0.0,1.0,-4.0,1.0,0.0,6.0,0.0,7.0,1.0,4.0,0.0,2.0,0.0,3.0,0.0,7.0,0.0,108,redesign,7600,4
7600,R7600_S114,7.0,5.802496344737125,15.0,1.1399326354778383,1.1091400148518753,1.0,-4.0,7.0,4.0,3.0,0.0,5.0,1.0,3.0,0.0,7.0,0.0,6.0,-1.0,1.0,-4.0,1.0,0.0,6.0,0.0,6.0,0.0,4.0,0.0,2.0,0.0,3.0,0.0,7.0,0.0,109,redesign,7600,5
7600,R7600_S115,6.98689568491257,5.828849938264781,15.0,1.1268283203904081,1.135493608379532,1.0,-4.0,7.0,4.0,3.0,0.0,5.0,1.0,3.0,0.0,7.0,0.0,7.0,0.0,1.0,-4.0,2.0,1.0,6.0,0.0,6.0,0.0,4.0,0.0,2.0,0.0,3.0,0.0,7.0,0.0,110,redesign,7600,5
7600,R7600_S116,6.97899949787114,5.8429351635257,15.0,1.1189321333489781,1.1495788336404509,1.0,-4.0,7.0,4.0,4.0,1.0,5.0,1.0,3.0,0.0,7.0,0.0,7.0,0.0,1.0,-4.0,1.0,0.0,6.0,0.0,6.0,0.0,4.0,0.0,2.0,0.0,3.0,0.0,7.0,0.0,111,redesign,7600,5
7600,R7600_S117,6.953061655505571,5.870891619963924,15.0,1.092994290983409,1.1775352900786746,1.0,-4.0,7.0,4.0,3.0,0.0,5.0,1.0,3.0,0.0,7.0,0.0,7.0,0.0,1.0,-4.0,1.0,0.0,6.0,0.0,7.0,1.0,4.0,0.0,2.0,0.0,3.0,0.0,7.0,0.0,112,redesign,7600,5
7600,R7600_S118,6.892211389946132,5.908625556459961,15.0,1.0321440254239702,1.2152692265747111,1.0,-4.0,7.0,4.0,3.0,0.0,4.0,0.0,3.0,0.0,7.0,0.0,7.0,0.0,1.0,-4.0,1.0,0.0,6.0,0.0,6.0,0.0,4.0,0.0,3.0,1.0,3.0,0.0,7.0,0.0,113,redesign,7600,4
7600,R7600_S124,7.0,5.914343657495525,16.0,1.1399326354778383,1.2209873276102758,1.0,-4.0,7.0,4.0,3.0,0.0,5.0,1.0,3.0,0.0,7.0,0.0,7.0,0.0,1.0,-4.0,1.0,0.0,6.0,0.0,6.0,0.0,4.0,0.0,3.0,1.0,3.0,0.0,7.0,0.0,114,redesign,7600,5
7600,R7600_S125,6.8563256406175395,5.9188295216521905,16.0,0.9962582760953778,1.225473191766941,1.0,-4.0,7.0,4.0,4.0,1.0,4.0,0.0,3.0,0.0,7.0,0.0,7.0,0.0,1.0,-4.0,1.0,0.0,6.0,0.0,7.0,1.0,4.0,0.0,2.0,0.0,3.0,0.0,7.0,0.0,115,redesign,7600,5
7600,R7600_S126,6.78022956618735,5.931905742102815,16.0,0.920162201665188,1.2385494122175658,2.0,-3.0,7.0,4.0,3.0,0.0,4.0,0.0,3.0,0.0,7.0,0.0,7.0,0.0,1.0,-4.0,1.0,0.0,6.0,0.0,7.0,1.0,4.0,0.0,3.0,1.0,3.0,0.0,7.0,0.0,116,redesign,7600,5
7600,R7600_S131,7.0,5.920061758531089,17.0,1.1399326354778383,1.2267054286458396,1.0,-4.0,7.0,4.0,3.0,0.0,6.0,2.0,3.0,0.0,7.0,0.0,7.0,0.0,1.0,-4.0,1.0,0.0,6.0,0.0,6.0,0.0,4.0,0.0,3.0,1.0,3.0,0.0,7.0,0.0,117,redesign,7600,5
7600,R7600_S132,6.968802523163865,5.924547622687754,17.0,1.1087351586417036,1.2311912928025048,1.0,-4.0,7.0,4.0,4.0,1.0,5.0,1.0,3.0,0.0,7.0,0.0,7.0,0.0,1.0,-4.0,1.0,0.0,6.0,0.0,7.0,1.0,4.0,0.0,2.0,0.0,3.0,0.0,7.0,0.0,118,redesign,7600,6
7600,R7600_S133,6.915848444645856,5.948196333922872,17.0,1.055781080123694,1.2548400040376224,1.0,-4.0,7.0,4.0,3.0,0.0,4.0,0.0,3.0,0.0,7.0,0.0,7.0,0.0,1.0,-4.0,2.0,1.0,6.0,0.0,6.0,0.0,4.0,0.0,3.0,1.0,3.0,0.0,7.0,0.0,119,redesign,7600,5
7600,R7600_S134,6.9079522576044265,5.962281559183792,17.0,1.0478848930822648,1.2689252292985422,1.0,-4.0,7.0,4.0,4.0,1.0,4.0,0.0,3.0,0.0,7.0,0.0,7.0,0.0,1.0,-4.0,1.0,0.0,6.0,0.0,6.0,0.0,4.0,0.0,3.0,1.0,3.0,0.0,7.0,0.0,120,redesign,7600,5
7600,R7600_S135,6.8820144152388565,5.990238015622015,17.0,1.0219470507166948,1.296881685736766,1.0,-4.0,7.0,4.0,3.0,0.0,4.0,0.0,3.0,0.0,7.0,0.0,7.0,0.0,1.0,-4.0,1.0,0.0,6.0,0.0,7.0,1.0,4.0,0.0,3.0,1.0,3.0,0.0,7.0,0.0,121,redesign,7600,5
7600,R7600_S140,7.0,5.9679996602193555,18.0,1.1399326354778383,1.274643330334106,1.0,-4.0,7.0,4.0,4.0,1.0,5.0,1.0,3.0,0.0,7.0,0.0,7.0,0.0,1.0,-4.0,1.0,0.0,6.0,0.0,6.0,0.0,4.0,0.0,3.0,1.0,3.0,0.0,7.0,0.0,122,redesign,7600,6
7600,R7600_S141,6.994491297785183,5.995956116657579,18.0,1.1344239332630215,1.3025997867723298,1.0,-4.0,7.0,4.0,3.0,0.0,5.0,1.0,3.0,0.0,7.0,0.0,7.0,0.0,1.0,-4.0,1.0,0.0,6.0,0.0,7.0,1.0,4.0,0.0,3.0,1.0,3.0,0.0,7.0,0.0,123,redesign,7600,6
7600,R7600_S142,6.933641032225744,6.033690053153616,18.0,1.0735736677035819,1.3403337232683663,1.0,-4.0,7.0,4.0,3.0,0.0,4.0,0.0,3.0,0.0,7.0,0.0,7.0,0.0,1.0,-4.0,1.0,0.0,6.0,0.0,6.0,0.0,4.0,0.0,4.0,2.0,3.0,0.0,7.0,0.0,124,redesign,7600,4
7600,R7600_S152,7.0,6.0394081541891795,19.0,1.1399326354778383,1.3460518243039301,1.0,-4.0,7.0,4.0,3.0,0.0,5.0,1.0,3.0,0.0,7.0,0.0,7.0,0.0,1.0,-4.0,1.0,0.0,6.0,0.0,6.0,0.0,4.0,0.0,4.0,2.0,3.0,0.0,7.0,0.0,125,redesign,7600,5
7600,R7600_S153,6.897755282897151,6.043894018345846,19.0,1.0376879183749894,1.3505376884605962,1.0,-4.0,7.0,4.0,4.0,1.0,4.0,0.0,3.0,0.0,7.0,0.0,7.0,0.0,1.0,-4.0,1.0,0.0,6.0,0.0,7.0,1.0,4.0,0.0,3.0,1.0,3.0,0.0,7.0,0.0,126,redesign,7600,6
7600,R7600_S154,6.821659208466962,6.05697023879647,19.0,0.9615918439448006,1.363613908911221,2.0,-3.0,7.0,4.0,3.0,0.0,4.0,0.0,3.0,0.0,7.0,0.0,7.0,0.0,1.0,-4.0,1.0,0.0,6.0,0.0,7.0,1.0,4.0,0.0,4.0,2.0,3.0,0.0,7.0,0.0,127,redesign,7600,5
7600,R7600_S161,7.0,6.049612119381409,20.0,1.1399326354778383,1.35625578949616,1.0,-4.0,7.0,4.0,4.0,1.0,5.0,1.0,3.0,0.0,7.0,0.0,7.0,0.0,1.0,-4.0,1.0,0.0,6.0,0.0,7.0,1.0,4.0,0.0,3.0,1.0,3.0,0.0,7.0,0.0,128,redesign,7600,7
7600,R7600_S162,6.957278086925468,6.073260830616527,20.0,1.0972107224033065,1.3799045007312776,1.0,-4.0,7.0,4.0,3.0,0.0,4.0,0.0,3.0,0.0,7.0,0.0,7.0,0.0,1.0,-4.0,2.0,1.0,6.0,0.0,6.0,0.0,4.0,0.0,4.0,2.0,3.0,0.0,7.0,0.0,129,redesign,7600,5
7600,R7600_S163,6.949381899884038,6.087346055877446,20.0,1.0893145353618765,1.3939897259921965,1.0,-4.0,7.0,4.0,4.0,1.0,4.0,0.0,3.0,0.0,7.0,0.0,7.0,0.0,1.0,-4.0,1.0,0.0,6.0,0.0,6.0,0.0,4.0,0.0,4.0,2.0,3.0,0.0,7.0,0.0,130,redesign,7600,5
7600,R7600_S164,6.923444057518469,6.11530251231567,20.0,1.0633766929963073,1.4219461824304203,1.0,-4.0,7.0,4.0,3.0,0.0,4.0,0.0,3.0,0.0,7.0,0.0,7.0,0.0,1.0,-4.0,1.0,0.0,6.0,0.0,7.0,1.0,4.0,0.0,4.0,2.0,3.0,0.0,7.0,0.0,131,redesign,7600,5
7600,R7600_S174,7.0,6.121020613351234,21.0,1.1399326354778383,1.427664283465985,1.0,-4.0,7.0,4.0,3.0,0.0,5.0,1.0,3.0,0.0,7.0,0.0,7.0,0.0,1.0,-4.0,1.0,0.0,6.0,0.0,7.0,1.0,4.0,0.0,4.0,2.0,3.0,0.0,7.0,0.0,132,redesign,7600,6
7600,R7600_S175,6.975070674505356,6.158754549847271,21.0,1.1150033099831944,1.4653982199620215,1.0,-4.0,7.0,4.0,3.0,0.0,4.0,0.0,3.0,0.0,7.0,0.0,7.0,0.0,1.0,-4.0,1.0,0.0,6.0,0.0,6.0,0.0,4.0,0.0,5.0,3.0,3.0,0.0,7.0,0.0,133,redesign,7600,4
7600,R7600_S186,7.0,6.164472650882836,22.0,1.1399326354778383,1.4711163209975862,1.0,-4.0,7.0,4.0,3.0,0.0,5.0,1.0,3.0,0.0,7.0,0.0,7.0,0.0,1.0,-4.0,1.0,0.0,6.0,0.0,6.0,0.0,4.0,0.0,5.0,3.0,3.0,0.0,7.0,0.0,134,redesign,7600,5
7600,R7600_S187,6.939184925176764,6.168958515039501,22.0,1.079117560654602,1.4756021851542513,1.0,-4.0,7.0,4.0,4.0,1.0,4.0,0.0,3.0,0.0,7.0,0.0,7.0,0.0,1.0,-4.0,1.0,0.0,6.0,0.0,7.0,1.0,4.0,0.0,4.0,2.0,3.0,0.0,7.0,0.0,135,redesign,7600,6
7600,R7600_S188,6.863088850746574,6.1820347354901255,22.0,1.0030214862244122,1.488678405604876,2.0,-3.0,7.0,4.0,3.0,0.0,4.0,0.0,3.0,0.0,7.0,0.0,7.0,0.0,1.0,-4.0,1.0,0.0,6.0,0.0,7.0,1.0,4.0,0.0,5.0,3.0,3.0,0.0,7.0,0.0,136,redesign,7600,5
7600,R7600_S199,7.0,6.174676616075065,23.0,1.1399326354778383,1.4813202861898151,1.0,-4.0,7.0,4.0,4.0,1.0,5.0,1.0,3.0,0.0,7.0,0.0,7.0,0.0,1.0,-4.0,1.0,0.0,6.0,0.0,7.0,1.0,4.0,0.0,4.0,2.0,3.0,0.0,7.0,0.0,137,redesign,7600,7
7600,R7600_S200,6.99870772920508,6.198325327310182,23.0,1.1386403646829182,1.5049689974249327,1.0,-4.0,7.0,4.0,3.0,0.0,4.0,0.0,3.0,0.0,7.0,0.0,7.0,0.0,1.0,-4.0,2.0,1.0,6.0,0.0,6.0,0.0,4.0,0.0,5.0,3.0,3.0,0.0,7.0,0.0,138,redesign,7600,5
7600,R7600_S201,6.990811542163651,6.212410552571102,23.0,1.130744177641489,1.5190542226858526,1.0,-4.0,7.0,4.0,4.0,1.0,4.0,0.0,3.0,0.0,7.0,0.0,7.0,0.0,1.0,-4.0,1.0,0.0,6.0,0.0,6.0,0.0,4.0,0.0,5.0,3.0,3.0,0.0,7.0,0.0,139,redesign,7600,5
7600,R7600_S202,6.964873699798082,6.240367009009326,23.0,1.1048063352759199,1.5470106791240763,1.0,-4.0,7.0,4.0,3.0,0.0,4.0,0.0,3.0,0.0,7.0,0.0,7.0,0.0,1.0,-4.0,1.0,0.0,6.0,0.0,7.0,1.0,4.0,0.0,5.0,3.0,3.0,0.0,7.0,0.0,140,redesign,7600,5
7600,R7600_S214,7.0,6.283819046540926,24.0,1.1399326354778383,1.5904627166556766,1.0,-4.0,7.0,4.0,3.0,0.0,4.0,0.0,3.0,0.0,7.0,0.0,7.0,0.0,1.0,-4.0,1.0,0.0,6.0,0.0,6.0,0.0,4.0,0.0,6.0,4.0,3.0,0.0,7.0,0.0,141,redesign,7600,4
7600,R7600_S229,7.0,6.289537147576491,25.0,1.1399326354778383,1.5961808176912413,1.0,-4.0,7.0,4.0,3.0,0.0,5.0,1.0,3.0,0.0,7.0,0.0,7.0,0.0,1.0,-4.0,1.0,0.0,6.0,0.0,6.0,0.0,4.0,0.0,6.0,4.0,3.0,0.0,7.0,0.0,142,redesign,7600,5
7600,R7600_S230,6.980614567456375,6.294023011733156,25.0,1.1205472029342136,1.6006666818479065,1.0,-4.0,7.0,4.0,4.0,1.0,4.0,0.0,3.0,0.0,7.0,0.0,7.0,0.0,1.0,-4.0,1.0,0.0,6.0,0.0,7.0,1.0,4.0,0.0,5.0,3.0,3.0,0.0,7.0,0.0,143,redesign,7600,6
7600,R7600_S231,6.9045184930261865,6.307099232183781,25.0,1.0444511285040248,1.6137429022985312,2.0,-3.0,7.0,4.0,3.0,0.0,4.0,0.0,3.0,0.0,7.0,0.0,7.0,0.0,1.0,-4.0,1.0,0.0,6.0,0.0,7.0,1.0,4.0,0.0,6.0,4.0,3.0,0.0,7.0,0.0,144,redesign,7600,5
7600,R7600_S246,7.0,6.365431505702981,26.0,1.1399326354778383,1.6720751758177315,1.0,-4.0,7.0,4.0,3.0,0.0,4.0,0.0,3.0,0.0,7.0,0.0,7.0,0.0,1.0,-4.0,1.0,0.0,6.0,0.0,7.0,1.0,4.0,0.0,6.0,4.0,3.0,0.0,7.0,0.0,145,redesign,7600,5
7600,R7600_S262,7.0,6.408883543234581,27.0,1.1399326354778383,1.7155272133493318,1.0,-4.0,7.0,4.0,3.0,0.0,4.0,0.0,3.0,0.0,7.0,0.0,7.0,0.0,1.0,-4.0,1.0,0.0,6.0,0.0,6.0,0.0,4.0,0.0,7.0,5.0,3.0,0.0,7.0,0.0,146,redesign,7600,4
7600,R7600_S278,7.0,6.419087508426811,28.0,1.1399326354778383,1.7257311785415617,1.0,-4.0,7.0,4.0,4.0,1.0,4.0,0.0,3.0,0.0,7.0,0.0,7.0,0.0,1.0,-4.0,1.0,0.0,6.0,0.0,7.0,1.0,4.0,0.0,6.0,4.0,3.0,0.0,7.0,0.0,147,redesign,7600,6
7600,R7600_S279,6.945948135305798,6.432163728877436,28.0,1.0858807707836364,1.7388073989921864,2.0,-3.0,7.0,4.0,3.0,0.0,4.0,0.0,3.0,0.0,7.0,0.0,7.0,0.0,1.0,-4.0,1.0,0.0,6.0,0.0,7.0,1.0,4.0,0.0,7.0,5.0,3.0,0.0,7.0,0.0,148,redesign,7600,5
7600,R7600_S297,7.0,6.490496002396636,29.0,1.1399326354778383,1.7971396725113866,1.0,-4.0,7.0,4.0,3.0,0.0,4.0,0.0,3.0,0.0,7.0,0.0,7.0,0.0,1.0,-4.0,1.0,0.0,6.0,0.0,7.0,1.0,4.0,0.0,7.0,5.0,3.0,0.0,7.0,0.0,149,redesign,7600,5
7600,R7600_S312,7.0,6.4962141034322,30.0,1.1399326354778383,1.8028577735469504,1.0,-4.0,7.0,4.0,3.0,0.0,5.0,1.0,3.0,0.0,7.0,0.0,7.0,0.0,1.0,-4.0,1.0,0.0,6.0,0.0,7.0,1.0,4.0,0.0,7.0,5.0,3.0,0.0,7.0,0.0,150,redesign,7600,6
7600,R7600_S331,7.0,6.544152005120466,31.0,1.1399326354778383,1.8507956752352168,1.0,-4.0,7.0,4.0,4.0,1.0,4.0,0.0,3.0,0.0,7.0,0.0,7.0,0.0,1.0,-4.0,1.0,0.0,6.0,0.0,7.0,1.0,4.0,0.0,7.0,5.0,3.0,0.0,7.0,0.0,151,redesign,7600,6
7600,R7600_S349,7.0,6.555600875448304,32.0,1.1399326354778383,1.8622445455630547,1.0,-4.0,7.0,4.0,3.0,0.0,4.0,0.0,3.0,0.0,7.0,0.0,7.0,0.0,1.0,-4.0,1.0,0.0,6.0,0.0,7.0,1.0,4.0,0.0,7.0,5.0,2.0,-1.0,7.0,0.0,152,redesign,7600,6
7600,R7600_S369,7.0,6.597808007844296,33.0,1.1399326354778383,1.904451677959047,1.0,-4.0,7.0,4.0,5.0,2.0,4.0,0.0,3.0,0.0,7.0,0.0,7.0,0.0,1.0,-4.0,1.0,0.0,6.0,0.0,7.0,1.0,4.0,0.0,7.0,5.0,3.0,0.0,7.0,0.0,153,redesign,7600,6
7600,R7600_S388,7.0,6.609256878172134,34.0,1.1399326354778383,1.915900548286885,1.0,-4.0,7.0,4.0,4.0,1.0,4.0,0.0,3.0,0.0,7.0,0.0,7.0,0.0,1.0,-4.0,1.0,0.0,6.0,0.0,7.0,1.0,4.0,0.0,7.0,5.0,2.0,-1.0,7.0,0.0,154,redesign,7600,7
7600,R7600_S410,7.0,6.651464010568127,35.0,1.1399326354778383,1.9581076806828772,1.0,-4.0,7.0,4.0,6.0,3.0,4.0,0.0,3.0,0.0,7.0,0.0,7.0,0.0,1.0,-4.0,1.0,0.0,6.0,0.0,7.0,1.0,4.0,0.0,7.0,5.0,3.0,0.0,7.0,0.0,155,redesign,7600,6
7600,R7600_S431,7.0,6.662912880895965,36.0,1.1399326354778383,1.9695565510107151,1.0,-4.0,7.0,4.0,5.0,2.0,4.0,0.0,3.0,0.0,7.0,0.0,7.0,0.0,1.0,-4.0,1.0,0.0,6.0,0.0,7.0,1.0,4.0,0.0,7.0,5.0,2.0,-1.0,7.0,0.0,156,redesign,7600,7
7600,R7600_S454,7.0,6.705120013291957,37.0,1.1399326354778383,2.0117636834067074,1.0,-4.0,7.0,4.0,7.0,4.0,4.0,0.0,3.0,0.0,7.0,0.0,7.0,0.0,1.0,-4.0,1.0,0.0,6.0,0.0,7.0,1.0,4.0,0.0,7.0,5.0,3.0,0.0,7.0,0.0,157,redesign,7600,6
7600,R7600_S477,7.0,6.716568883619795,38.0,1.1399326354778383,2.0232125537345453,1.0,-4.0,7.0,4.0,6.0,3.0,4.0,0.0,3.0,0.0,7.0,0.0,7.0,0.0,1.0,-4.0,1.0,0.0,6.0,0.0,7.0,1.0,4.0,0.0,7.0,5.0,2.0,-1.0,7.0,0.0,158,redesign,7600,7
7600,R7600_S501,7.0,6.744690790754868,39.0,1.1399326354778383,2.0513344608696187,1.0,-4.0,7.0,4.0,7.0,4.0,4.0,0.0,3.0,0.0,7.0,0.0,7.0,0.0,1.0,-4.0,2.0,1.0,6.0,0.0,7.0,1.0,4.0,0.0,7.0,5.0,3.0,0.0,7.0,0.0,159,redesign,7600,7
7600,R7600_S524,7.0,6.770224886343625,40.0,1.1399326354778383,2.0768685564583755,1.0,-4.0,7.0,4.0,7.0,4.0,4.0,0.0,3.0,0.0,7.0,0.0,7.0,0.0,1.0,-4.0,1.0,0.0,6.0,0.0,7.0,1.0,4.0,0.0,7.0,5.0,2.0,-1.0,7.0,0.0,160,redesign,7600,7
7600,R7600_S550,7.0,6.784261568217779,41.0,1.1399326354778383,2.09090523833253,1.0,-4.0,7.0,4.0,7.0,4.0,4.0,0.0,3.0,0.0,7.0,0.0,7.0,0.0,1.0,-4.0,3.0,2.0,6.0,0.0,7.0,1.0,4.0,0.0,7.0,5.0,3.0,0.0,7.0,0.0,161,redesign,7600,7
7600,R7600_S574,7.0,6.809795663806536,42.0,1.1399326354778383,2.116439333921287,1.0,-4.0,7.0,4.0,7.0,4.0,4.0,0.0,3.0,0.0,7.0,0.0,7.0,0.0,1.0,-4.0,2.0,1.0,6.0,0.0,7.0,1.0,4.0,0.0,7.0,5.0,2.0,-1.0,7.0,0.0,162,redesign,7600,8
7600,R7600_S602,7.0,6.835329759395293,43.0,1.1399326354778383,2.1419734295100437,1.0,-4.0,7.0,4.0,7.0,4.0,4.0,0.0,3.0,0.0,7.0,0.0,7.0,0.0,1.0,-4.0,1.0,0.0,6.0,0.0,7.0,1.0,4.0,0.0,7.0,5.0,1.0,-2.0,7.0,0.0,163,redesign,7600,7
7600,R7600_S627,7.0,6.8493664412694475,44.0,1.1399326354778383,2.156010111384198,1.0,-4.0,7.0,4.0,7.0,4.0,4.0,0.0,3.0,0.0,7.0,0.0,7.0,0.0,1.0,-4.0,3.0,2.0,6.0,0.0,7.0,1.0,4.0,0.0,7.0,5.0,2.0,-1.0,7.0,0.0,164,redesign,7600,8
7600,R7600_S661,7.0,6.874900536858204,45.0,1.1399326354778383,2.181544206972955,1.0,-4.0,7.0,4.0,7.0,4.0,4.0,0.0,3.0,0.0,7.0,0.0,7.0,0.0,1.0,-4.0,2.0,1.0,6.0,0.0,7.0,1.0,4.0,0.0,7.0,5.0,1.0,-2.0,7.0,0.0,165,redesign,7600,8
7600,R7600_S686,7.0,6.888937218732359,46.0,1.1399326354778383,2.1955808888471093,1.0,-4.0,7.0,4.0,7.0,4.0,4.0,0.0,3.0,0.0,7.0,0.0,7.0,0.0,1.0,-4.0,4.0,3.0,6.0,0.0,7.0,1.0,4.0,0.0,7.0,5.0,2.0,-1.0,7.0,0.0,166,redesign,7600,8
7600,R7600_S722,7.0,6.914471314321116,47.0,1.1399326354778383,2.221114984435866,1.0,-4.0,7.0,4.0,7.0,4.0,4.0,0.0,3.0,0.0,7.0,0.0,7.0,0.0,1.0,-4.0,3.0,2.0,6.0,0.0,7.0,1.0,4.0,0.0,7.0,5.0,1.0,-2.0,7.0,0.0,167,redesign,7600,8
7600,R7600_S749,7.0,6.92850799619527,48.0,1.1399326354778383,2.2351516663100206,1.0,-4.0,7.0,4.0,7.0,4.0,4.0,0.0,3.0,0.0,7.0,0.0,7.0,0.0,1.0,-4.0,5.0,4.0,6.0,0.0,7.0,1.0,4.0,0.0,7.0,5.0,2.0,-1.0,7.0,0.0,168,redesign,7600,8
7600,R7600_S787,7.0,6.954042091784027,49.0,1.1399326354778383,2.2606857618987775,1.0,-4.0,7.0,4.0,7.0,4.0,4.0,0.0,3.0,0.0,7.0,0.0,7.0,0.0,1.0,-4.0,4.0,3.0,6.0,0.0,7.0,1.0,4.0,0.0,7.0,5.0,1.0,-2.0,7.0,0.0,169,redesign,7600,8
7600,R7600_S814,7.0,6.968078773658181,50.0,1.1399326354778383,2.274722443772932,1.0,-4.0,7.0,4.0,7.0,4.0,4.0,0.0,3.0,0.0,7.0,0.0,7.0,0.0,1.0,-4.0,6.0,5.0,6.0,0.0,7.0,1.0,4.0,0.0,7.0,5.0,2.0,-1.0,7.0,0.0,170,redesign,7600,8
7600,R7600_S857,7.0,6.993612869246938,51.0,1.1399326354778383,2.3002565393616887,1.0,-4.0,7.0,4.0,7.0,4.0,4.0,0.0,3.0,0.0,7.0,0.0,7.0,0.0,1.0,-4.0,5.0,4.0,6.0,0.0,7.0,1.0,4.0,0.0,7.0,5.0,1.0,-2.0,7.0,0.0,171,redesign,7600,8
7600,R7600_S884,7.0,7.0,52.0,1.1399326354778383,2.3066436701147506,1.0,-4.0,7.0,4.0,7.0,4.0,4.0,0.0,3.0,0.0,7.0,0.0,7.0,0.0,1.0,-4.0,7.0,6.0,6.0,0.0,7.0,1.0,4.0,0.0,7.0,5.0,2.0,-1.0,7.0,0.0,172,redesign,7600,8
